oid,expid,hjd,mjd,mag,magerr,catflags,filtercode,ra,dec,chi,sharp,filefracday,field,ccdid,qid,limitmag,magzp,magzprms,clrcoeff,clrcounc,exptime,airmass,programid
1546108400003950,58150217,2458336.00540982,58335.502175900001,19.7151871,0.0897740275,0,zg,5.7217184999999997,13.6780363,1.023,-0.232999995,20180805502164,1546,0x8,0x4,20.3099995,26.1811218,0.0378842987,-0.00950813573,4.78970469e-05,30,1.06799996,2
1546108400003950,58343115,2458337.9345464245,58337.431157400002,19.9995651,0.107879832,0,zg,5.7218176999999999,13.6779932,1.00300002,-0.120999999,20180807431157,1546,0x8,0x4,21.6800003,26.1882591,0.0264538378,-0.0369217135,1.48222616e-05,30,1.08500004,2
1546108400003950,58343162,2458337.9350094665,58337.431620399999,19.9768467,0.106377006,0,zg,5.7217425999999998,13.677996200000001,0.449000001,0.064000003,20180807431609,1546,0x8,0x4,21.75,26.187542,0.0265665669,-0.0426315367,1.51795557e-05,30,1.08500004,2
1546108400003950,58443633,2458338.9397995248,58338.436330999997,19.8925648,0.100871645,0,zg,5.7218127000000001,13.677978100000001,0.859000027,-0.0430000015,20180808436319,1546,0x8,0x4,21.7099991,26.1751595,0.0258221384,-0.0416067764,1.44173546e-05,30,1.07500005,2
1546108400003950,59041194,2458344.9158651894,58344.411944400003,20.163805,0.118868321,0,zg,5.7217802999999998,13.6779785,1.14400005,0.00400000019,20180814411921,1546,0x8,0x4,21.9799995,26.1571331,0.0278535895,-0.0444417037,1.67762828e-05,30,1.08599997,2
1546108400003950,60936395,2458363.8690405786,58363.363958299997,19.9185677,0.102557003,0,zg,5.7218461999999999,13.677932699999999,1.44099998,-0.298000008,20180902363947,1546,0x8,0x4,21.0300007,26.2030582,0.0307311788,-0.0478208438,2.25614222e-05,30,1.07500005,2
1546108400003950,61044766,2458364.952796468,58364.447661999999,20.1101437,0.115267031,0,zg,5.7218439999999999,13.678075400000001,0.861999989,-0.282999992,20180903447650,1546,0x8,0x4,20.8500004,26.1639481,0.0350092351,-0.0302296244,3.15504658e-05,30,1.097,2
1546108400003950,61438769,2458368.8930068146,58368.387696799997,20.136919,0.117064342,0,zg,5.7217900000000004,13.6780256,0.711000025,-0.023,20180907387685,1546,0x8,0x4,21.5799999,26.2156353,0.0282090735,-0.0331772678,1.73243679e-05,30,1.051,2
1546108400003950,61635300,2458370.8583982843,58370.353009300001,20.0190639,0.109174833,0,zg,5.7217631000000004,13.6779987,1.04299998,0.0280000009,20180909352986,1546,0x8,0x4,21.8299999,26.2607746,0.0254149102,-0.0853064358,1.39258073e-05,30,1.06500006,2
1546108400003950,62433327,2458378.8389239665,58378.333275500001,19.8424015,0.0976586938,0,zg,5.7217745000000004,13.678025999999999,0.361999989,-0.0329999998,20180917333275,1546,0x8,0x4,21.9099998,26.243082,0.0255158003,-0.060277734,1.39091217e-05,30,1.06299996,2
1546108400003950,62928775,2458383.7935132817,58383.287754600002,19.5104885,0.0780234039,0,zg,5.7217981,13.6779359,0.611000001,-0.0659999996,20180922287743,1546,0x8,0x4,20.6399994,26.1847191,0.0345700979,-0.0520392805,3.60304148e-05,30,1.11300004,2
1546108400003950,63433880,2458388.8446378298,58388.3388079,18.8612385,0.0492305905,0,zg,5.7217699,13.677994099999999,0.824999988,-0.0219999999,20180927338796,1546,0x8,0x4,20.5200005,26.2726002,0.0377409309,-0.0714593977,4.46629529e-05,30,1.05200005,2
1546108400003950,63538836,2458389.8942075428,58389.388368100001,19.0574493,0.0565993227,0,zg,5.7217995000000004,13.678028899999999,0.83099997,-0.0500000007,20180928388356,1546,0x8,0x4,20.75,26.2068882,0.0370116942,-0.0523153692,3.71594324e-05,30,1.11600006,2
1546108400003950,63634141,2458390.8472585296,58390.341412000002,18.7551537,0.0456848666,0,zg,5.7217957999999998,13.6780037,0.838999987,-0.0610000007,20180929341412,1546,0x8,0x4,20.9200001,26.2442093,0.0317727812,-0.0545511991,2.52256505e-05,30,1.05499995,2
1546108400003950,67524884,2458429.7536966787,58429.248842599998,19.6968384,0.0886714011,0,zg,5.7217805000000004,13.678007300000001,0.986999989,-0.0189999994,20181107248831,1546,0x8,0x4,21.9400005,26.2385521,0.024867529,-0.0671755821,1.31283177e-05,30,1.07200003,2
1546108400003950,67626440,2458430.7692061225,58430.264409700001,19.8568344,0.098577641,0,zg,5.7217833999999996,13.677976599999999,0.442000002,0.0179999992,20181108264410,1546,0x8,0x4,21.8500004,26.2545357,0.0255778935,-0.091059655,1.41434421e-05,30,1.09800005,2
1546108400003950,67824537,2458432.7500502001,58432.2453704,19.9215546,0.102751344,0,zg,5.7217731000000001,13.677963500000001,0.592000008,0.0329999998,20181110245359,1546,0x8,0x4,21.6299992,26.2231045,0.0276778489,-0.067612417,1.6450691e-05,30,1.07799995,2
1546108400003950,68119962,2458435.7041254914,58435.1996296,19.9734287,0.106151514,0,zg,5.7217301000000003,13.677975999999999,0.620999992,-0.00100000005,20181113199630,1546,0x8,0x4,20.8500004,26.2330399,0.0342969075,-0.0410678983,2.98565665e-05,30,1.05799997,2
1546108400003950,68919767,2458443.7016154295,58443.1976736,19.8042202,0.095250383,0,zg,5.7217830000000003,13.677956500000001,0.437000006,0.00200000009,20181121197674,1546,0x8,0x4,20.2999992,26.2438965,0.0339787938,-0.0718940198,4.40498916e-05,30,1.06200004,2
1546108400003950,93748835,2458691.9908036487,58691.488356499998,18.9948082,0.0541281253,0,zg,5.7217805999999998,13.6780252,0.70599997,-0.0189999994,20190727488356,1546,0x8,0x4,21.3799992,26.1410923,0.028828999,-0.0721814036,1.809891e-05,30,1.05400002,2
1546108400003950,93748880,2458691.9912550896,58691.488807900001,19.0728645,0.0572250783,0,zg,5.7217843999999998,13.6779885,0.501999974,0.0549999997,20190727488796,1546,0x8,0x4,21.3299999,26.1476803,0.0285667554,-0.0759686604,1.80223869e-05,30,1.05400002,3
1546108400003950,94649337,2458700.9965924961,58700.493379599997,19.3110447,0.0678062961,0,zg,5.7217875999999999,13.6779978,0.970000029,-0.0839999989,20190805493368,1546,0x8,0x4,21.6299992,26.1483879,0.0302826725,-0.0659810603,1.92670213e-05,30,1.05499995,2
1546108400003950,94950164,2458704.0050973697,58703.5016435,18.9857597,0.0537805445,0,zg,5.7218111,13.678016299999999,0.837000012,0.00400000019,20190808501632,1546,0x8,0x4,21.0499992,26.1254539,0.0309944134,-0.0545507222,2.2420063e-05,30,1.06900001,2
1546108400003950,94950209,2458704.0055488055,58703.502094900003,18.9137249,0.0510959923,0,zg,5.7218090999999998,13.678012499999999,0.964999974,0.0309999995,20190808502083,1546,0x8,0x4,21.0200005,26.1279068,0.0326363966,-0.0531381853,2.47737971e-05,30,1.07000005,3
1546108400003950,95944908,2458713.9532728945,58713.449085599997,18.5137787,0.0386583693,0,zg,5.7218042000000002,13.678032200000001,0.421999991,-0.0219999999,20190818449086,1546,0x8,0x4,20.1700001,26.1572018,0.0358884148,-0.0620825291,4.78663023e-05,30,1.051,2
1546108400003950,95945043,2458713.9546271903,58713.450439799999,18.3943062,0.0356674083,0,zg,5.7217748000000004,13.678000300000001,0.584999979,0.00100000005,20190818450440,1546,0x8,0x4,20.1100006,26.1819439,0.0366718508,-0.0718449429,5.47461241e-05,30,1.05200005,3
1546108400003950,96445687,2458718.9613901642,58718.456875000003,18.9752979,0.0533815697,0,zg,5.7217773999999997,13.6779926,0.490999997,0.0299999993,20190823456875,1546,0x8,0x4,21.0300007,26.1592197,0.0320423953,-0.0643426701,2.36536562e-05,30,1.06500006,2
1546108400003950,96445732,2458718.9618415907,58718.457326399999,18.8132477,0.0475899763,0,zg,5.7217827999999997,13.678032200000001,0.671999991,-0.0390000008,20190823457326,1546,0x8,0x4,21.0699997,26.1610126,0.0328575782,-0.0701775923,2.46433101e-05,30,1.06599998,3
1546108400003950,96843125,2458722.9360034377,58722.431250000001,18.5975094,0.0409403108,0,zg,5.7217867,13.678019300000001,0.716000021,-0.00999999978,20190827431250,1546,0x8,0x4,22.0400009,26.1312523,0.0249114465,-0.0714211762,1.31323168e-05,30,1.05400002,2
1546108400003950,96843170,2458722.9364548642,58722.431701399997,18.6150684,0.0414391831,0,zg,5.7217912999999996,13.677999399999999,1.10800004,-0.0419999994,20190827431701,1546,0x8,0x4,22.1100006,26.1409054,0.0262313914,-0.080718644,1.45500408e-05,30,1.05400002,3
1546108400003950,96944975,2458723.9545681006,58723.449756900001,18.3997688,0.0357976519,0,zg,5.7217767999999998,13.678006699999999,0.566999972,-0.0540000014,20190828449722,1546,0x8,0x4,22.0599995,26.1378613,0.0283818431,-0.0781412572,1.70966996e-05,30,1.07299995,2
1546108400003950,96945020,2458723.9550195262,58723.450208299997,18.5237942,0.0389230475,0,zg,5.7217767999999998,13.6779987,1.10800004,-0.107000001,20190828450208,1546,0x8,0x4,22.0699997,26.1346931,0.0271348599,-0.0674920902,1.55934631e-05,30,1.07299995,3
1546108400003950,97139166,2458725.8965841928,58725.391666700001,18.6260223,0.0417540669,0,zg,5.7217805999999998,13.677993300000001,0.76700002,-0.023,20190830391667,1546,0x8,0x4,22.0799999,26.1682358,0.0282072537,-0.0767788813,1.68977858e-05,30,1.05599999,2
1546108400003950,97139211,2458725.897035616,58725.392118099997,18.5587921,0.0398654155,0,zg,5.7217912000000002,13.678002899999999,0.939999998,-0.0209999997,20190830392118,1546,0x8,0x4,22.1100006,26.1675434,0.0278901476,-0.0802951977,1.64255616e-05,30,1.05599999,3
1546108400003950,97240733,2458726.9123090291,58726.407337999997,19.2578125,0.0652899221,0,zg,5.7217887000000003,13.6780224,1.255,0.00400000019,20190831407338,1546,0x8,0x4,21.9699993,26.1692715,0.0263352282,-0.0900589377,1.45502554e-05,30,1.051,2
1546108400003950,97240778,2458726.9127604519,58726.4077894,19.4193611,0.073200576,0,zg,5.7218153999999997,13.678008999999999,0.768999994,0.0379999988,20190831407789,1546,0x8,0x4,21.8999996,26.1838036,0.0267000664,-0.102990218,1.50053083e-05,30,1.051,3
1546108400003950,97344748,2458727.952512762,58727.447488400001,19.3940449,0.0719067976,0,zg,5.7217912999999996,13.67801,0.805000007,0.00800000038,20190901447454,1546,0x8,0x4,21.8999996,26.1273518,0.0259619895,-0.0833021551,1.39873982e-05,30,1.08500004,2
1546108400003950,97344793,2458727.9529641853,58727.447939799997,19.3066559,0.0675954595,0,zg,5.7217960000000003,13.6779963,0.657000005,-0.0560000017,20190901447940,1546,0x8,0x4,21.9899998,26.1169415,0.0257968344,-0.0687472373,1.39670365e-05,30,1.08599997,3
1546108400003950,98040228,2458734.9076212812,58734.402280100003,19.1412239,0.0600850098,0,zg,5.7217963999999997,13.678019300000001,0.40200001,0.0209999997,20190908402280,1546,0x8,0x4,21.4599991,26.1593628,0.0330064036,-0.0702585876,2.33846222e-05,30,1.05599999,2
1546108400003950,98040273,2458734.9080727003,58734.402731499998,19.0449944,0.0560988784,0,zg,5.7217602999999997,13.678025,0.896000028,0.0359999985,20190908402732,1546,0x8,0x4,21.4599991,26.1824436,0.0315908231,-0.10307584,2.1497548e-05,30,1.05599999,3
1546108400003950,98343560,2458737.9410588359,58737.435601899997,18.4283867,0.0364899933,0,zg,5.7218116999999999,13.678015,0.375999987,-0.0289999992,20190911435567,1546,0x8,0x4,20.7999992,26.1415577,0.0348368101,-0.0641243905,3.07499722e-05,30,1.11500001,2
1546108400003950,98343605,2458737.9415101535,58737.436053199999,18.5374107,0.0392864309,0,zg,5.7217845000000001,13.6779931,0.878000021,-0.0469999984,20190911436053,1546,0x8,0x4,20.8799992,26.1582947,0.0342552997,-0.0804422051,2.94984002e-05,30,1.11600006,3
1546108400003950,99240780,2458746.9135169885,58746.4078009,18.5577126,0.0398359597,0,zg,5.7217669000000004,13.678018399999999,0.713,0.0780000016,20190920407766,1546,0x8,0x4,20.6100006,26.1288166,0.0354534201,-0.04899358,3.4936711e-05,30,1.10800004,2
1546108400003950,99240825,2458746.9139683982,58746.408252300003,18.6081638,0.041242145,0,zg,5.7217843000000004,13.678004899999999,1.00199997,-0.0370000005,20190920408252,1546,0x8,0x4,20.7199993,26.140604,0.0334905013,-0.0678170547,2.95089758e-05,30,1.10899997,3
1546108400003950,99542723,2458749.9330082117,58749.427233800001,18.8787022,0.0498428978,0,zg,5.7217864000000001,13.678013,0.904999971,0.00100000005,20190923427234,1546,0x8,0x4,21.4799995,26.0927391,0.0295667741,-0.0819193348,1.85979588e-05,30,1.18599999,2
1546108400003950,99542768,2458749.9334596186,58749.427685199997,18.8833923,0.0500087813,0,zg,5.7217924,13.678020999999999,0.961000025,0.0520000011,20190923427685,1546,0x8,0x4,21.3600006,26.100462,0.0299068782,-0.0800103024,1.92137923e-05,30,1.18799996,3
1546108400003950,100439956,2458758.9054189725,58758.3995602,19.1296711,0.0595917925,0,zg,5.7217919000000004,13.678018,0.897000015,-0.0160000008,20191002399560,1546,0x8,0x4,21.6399994,26.1237812,0.0265049152,-0.0765915066,1.4924085e-05,30,1.17499995,2
1546108400003950,100440001,2458758.9058703724,58758.400011600002,19.1046371,0.0585369244,0,zg,5.7217909000000002,13.678039699999999,1.42799997,0.0149999997,20191002400012,1546,0x8,0x4,21.7099991,26.1135635,0.0296834577,-0.0637272894,1.84383534e-05,30,1.17700005,3
1546108400003950,100640951,2458760.9153730399,58760.409513899998,19.5757637,0.0816356689,0,zg,5.7217760000000002,13.678054400000001,0.583000004,0.0869999975,20191004409502,1546,0x8,0x4,21.4699993,26.1175499,0.0285338778,-0.0739585012,1.75931727e-05,30,1.23500001,2
1546108400003950,100640996,2458760.9158244398,58760.409965300001,19.5728264,0.0814703256,0,zg,5.7217830999999997,13.6780069,1.08399999,-0.135000005,20191004409965,1546,0x8,0x4,21.5,26.0976124,0.0293935817,-0.0597315468,1.8470244e-05,30,1.23699999,3
1546108400003950,101028798,2458764.7938268115,58764.287986099996,18.6365223,0.0420585647,0,zg,5.7217836000000002,13.6779928,0.467999995,-0.00999999978,20191008287986,1546,0x8,0x4,21.0499992,26.1261711,0.0316736586,-0.0659137741,2.45209631e-05,30,1.05400002,2
1546108400003950,101028843,2458764.7942782082,58764.288437499999,18.8408356,0.0485256165,0,zg,5.7218086000000001,13.678019300000001,0.94599998,-0.0610000007,20191008288438,1546,0x8,0x4,21.0699997,26.1168747,0.0293941554,-0.0539339446,2.064414e-05,30,1.05400002,3
1546108400003950,101229342,2458766.7992471675,58766.293425900003,18.586256,0.0406243429,0,zg,5.7218267000000003,13.677985,0.270000011,0.0289999992,20191010293414,1546,0x8,0x4,20.1100006,26.1374378,0.0341104679,-0.0289497115,4.30584405e-05,30,1.051,2
1546108400003950,101231412,2458766.819941429,58766.314120399999,18.8204861,0.0478335135,0,zg,5.7217849000000003,13.677988900000001,0.730000019,0.142000005,20191010314097,1546,0x8,0x4,20.2700005,26.1411228,0.0389293246,-0.0479147397,4.90390485e-05,30,1.05599999,3
1546108400003950,101338457,2458767.8903796258,58767.384571800001,19.0718441,0.0571834482,0,zg,5.7217054999999997,13.6779232,0.694000006,-0.108000003,20191011384537,1546,0x8,0x4,19.6000004,26.1354065,0.0392844975,-0.0686429515,8.27631811e-05,30,1.21099997,2
1546108400003950,101338502,2458767.8908309191,58767.385023100003,19.2564774,0.0652279481,0,zg,5.7216221999999997,13.677858000000001,0.769999981,-0.0869999975,20191011385023,1546,0x8,0x4,19.4699993,26.1162987,0.0400273092,-0.0501308925,0.000100796831,30,1.21300006,3
1546108400003950,101431121,2458768.8170102173,58768.311215299997,18.7620564,0.0459067039,0,zg,5.7217393999999997,13.678005199999999,0.515999973,0.0879999995,20191012311215,1546,0x8,0x4,19.6900005,26.1574135,0.0356518999,-0.096839048,6.84247789e-05,30,1.05700004,2
1546108400003950,101431166,2458768.8174616108,58768.311666699999,18.7247505,0.0447222963,0,zg,5.7217631000000004,13.6780312,0.731999993,0.180999994,20191012311667,1546,0x8,0x4,19.75,26.1888542,0.0370675065,-0.0920116603,7.31225446e-05,30,1.05799997,3
1546108400003950,101827836,2458772.7840914913,58772.2783681,19.2521305,0.0650265738,0,zg,5.7217777999999999,13.6778399,0.55400002,0.112999998,20191016278368,1546,0x8,0x4,19.8500004,25.9898777,0.0401502438,-0.0570751503,7.46447549e-05,30,1.051,2
1546108400003950,101827927,2458772.7849941705,58772.279270799998,19.0730762,0.0572336987,0,zg,5.7217355999999997,13.6778949,1.13800001,-0.0970000029,20191016279271,1546,0x8,0x4,19.8099995,25.9515629,0.0394463129,-0.0535072014,7.86466262e-05,30,1.051,3
1546108400003950,102924363,2458783.7490257779,58783.243634300001,18.9311657,0.0517326035,0,zg,5.7217827000000003,13.6780259,0.944000006,-0.0489999987,20191027243634,1546,0x8,0x4,21.3799992,26.1687546,0.0371654555,-0.0992313474,2.98226096e-05,30,1.051,2
1546108400003950,102924408,2458783.7494770596,58783.244085600003,18.9480972,0.0523587428,0,zg,5.7217606999999999,13.678018399999999,0.559000015,0.0419999994,20191027244086,1546,0x8,0x4,21.6700001,26.1667976,0.0291314218,-0.0954804122,1.83439697e-05,30,1.051,3
1546108400003950,103220042,2458786.7056971798,58786.200428199998,18.8735199,0.0496603362,0,zg,5.7217878999999998,13.678018700000001,1.08399999,0.105999999,20191030200417,1546,0x8,0x4,21.2900009,26.1168537,0.0351174027,-0.0757633224,2.72843263e-05,30,1.08200002,2
1546108400003950,103220087,2458786.7061485602,58786.200879600001,18.8654652,0.0493780077,0,zg,5.7217944000000003,13.678020500000001,0.819000006,-0.0390000008,20191030200880,1546,0x8,0x4,21.5100002,26.1277428,0.0309685096,-0.100113057,2.05248689e-05,30,1.08200002,3
1546108400003950,103720504,2458791.7100773873,58791.205046299998,19.3956776,0.0719896555,0,zg,5.7218078999999999,13.6780176,1.21899998,0.0199999996,20191104205046,1546,0x8,0x4,21.2999992,26.1496315,0.0322378799,-0.0826440826,2.29600519e-05,30,1.06099999,2
1546108400003950,103720549,2458791.7105287621,58791.205497700001,19.4759827,0.076166831,0,zg,5.7217599999999997,13.678008500000001,1.48500001,0.0989999995,20191104205498,1546,0x8,0x4,21.2900009,26.1299381,0.0327151679,-0.0510938689,2.32741895e-05,30,1.05999994,3
1546108400003950,104822407,2458802.7284546671,58802.224074099999,19.2152309,0.0633404851,0,zg,5.7218159000000002,13.6779762,0.871999979,-0.107000001,20191115224074,1546,0x8,0x4,20.7700005,26.1699791,0.035424348,-0.0816120133,3.2711625e-05,30,1.06200004,2
1546108400003950,104822452,2458802.728906035,58802.224525500002,19.2599831,0.0653908104,0,zg,5.7217775,13.6780066,0.463,0.00300000003,20191115224514,1546,0x8,0x4,20.9400005,26.1589622,0.0399926901,-0.0700849816,3.96885662e-05,30,1.06200004,3
1546108400003950,208537218,2459839.8778364919,59839.372187499997,19.4315071,0.073828429,0,zg,5.7218276000000001,13.6780249,1.37600005,0.114,20220917372176,1546,0x8,0x4,21.6200008,26.3356495,0.0268689021,-0.084381938,1.56006572e-05,30,1.05299997,2
1546108400003950,210633377,2459860.8396115336,59860.333773099999,17.8148651,0.0248646699,0,zg,5.7218108000000001,13.678023,0.564999998,-0.00899999961,20221008333762,1546,0x8,0x4,20.2800007,26.265934,0.0353243612,-0.0595332012,4.58105642e-05,30,1.06799996,2
1546108400003950,211232523,2459866.8309892709,59866.325231499999,18.1773624,0.0309612695,0,zg,5.7218074999999997,13.6780504,0.294999987,0.00999999978,20221014325231,1546,0x8,0x4,20.8999996,26.2737789,0.0299666561,-0.0550367199,2.20124512e-05,30,1.07799995,2
1546108400003950,211330440,2459867.8101486173,59867.304409700002,18.3792496,0.0353115201,0,zg,5.7218287999999999,13.6780347,0.275999993,0.00700000022,20221015304398,1546,0x8,0x4,20.7999992,26.2179184,0.0363772437,-0.0750748143,3.46955712e-05,30,1.05799997,2
1546108400003950,211926863,2459873.7742241374,59873.268634300002,18.6317902,0.0419210307,0,zg,5.7218049000000004,13.678016700000001,0.749000013,-0.023,20221021268623,1546,0x8,0x4,21.8899994,26.2584953,0.027136188,-0.089625746,1.60024556e-05,30,1.04999995,2
1546108400003950,212422465,2459878.7300746073,59878.224652800003,18.1543503,0.0305124484,0,zg,5.7217849000000003,13.6780352,0.745999992,-0.0209999997,20221026224630,1546,0x8,0x4,21.5699997,26.3035336,0.0274362359,-0.0659363642,1.60577056e-05,30,1.06400001,2
1546108400003950,215120846,2459905.7123294952,59905.208460599999,18.2007446,0.0314267389,32768,zg,5.7217913999999999,13.678028899999999,1.16199994,-0.0960000008,20221122208461,1546,0x8,0x4,21.1200008,25.9355145,0.0393936932,-0.0943027288,3.626736e-05,30,1.06500006,2
1546108400003950,241739534,2460171.8993189838,60171.395347199999,20.3009357,0.127960116,65535,zg,5.7217804000000001,13.678048799999999,0.958999991,-0.0450000018,20230815395324,1546,0x8,0x4,21.8600006,26.2659225,0.0246671475,-0.0680670813,1.34413804e-05,30,1.10500002,2
1546108400003950,245538501,2460209.8907672456,60209.385011600003,20.1054268,0.114950366,32768,zg,5.7217368000000004,13.6780583,1.16900003,-0.108999997,20230922385012,1546,0x8,0x4,20.5900002,25.4901199,0.0647365302,-0.0627147928,0.000122946789,30,1.07599998,2
1546108400003950,245727780,2460211.7835886613,60211.277800900003,20.1038322,0.114843495,0,zg,5.7217985999999996,13.6780325,0.65200001,0.0520000011,20230924277801,1546,0x8,0x4,21.2700005,26.3240585,0.0320052281,-0.0941442475,2.24467822e-05,30,1.12300003,2
1546108400003950,245827621,2460212.7820176343,60212.2762153,19.8985939,0.10126128,0,zg,5.7217631000000004,13.6780302,0.878000021,0.0120000001,20230925276204,1546,0x8,0x4,21.2299995,26.2940865,0.0339004584,-0.0510202944,2.51628189e-05,30,1.12100005,2
1546108400003950,246730711,2460221.8129773294,60221.307118099998,17.5952435,0.0220478531,0,zg,5.7217982000000003,13.678032200000001,0.833000004,-0.0680000037,20231004307106,1546,0x8,0x4,21,26.3174095,0.0327272639,-0.0954558849,2.60046399e-05,30,1.04999995,2
1546208400016456,58142712,2458335.9303574143,58335.427129600001,20.1432838,0.141262114,0,zr,5.7217663999999999,13.6780194,0.301999986,0.0790000036,20180805427130,1546,0x8,0x4,21.4400005,26.2016544,0.025416417,0.117606886,1.3843669e-05,30,1.10099995,2
1546208400016456,58142759,2458335.930820453,58335.427592599997,20.1257534,0.139790669,0,zr,5.7217770999999997,13.677985899999999,1.06299996,-0.177000001,20180805427581,1546,0x8,0x4,21.4200001,26.2061253,0.0248654764,0.122473486,1.3194287e-05,30,1.10000002,2
1546208400016456,58242767,2458336.9309823448,58336.427673600003,19.9016018,0.121340252,0,zr,5.7217627000000002,13.678037,1.42499995,-0.200000003,20180806427674,1546,0x8,0x4,21.2600002,26.2229824,0.0244052336,0.124203406,1.26053274e-05,30,1.09500003,2
1546208400016456,58242813,2458336.9314453858,58336.4281366,20.1851158,0.144776165,0,zr,5.7217102000000004,13.6780457,0.759000003,-0.00600000005,20180806428125,1546,0x8,0x4,21.1700001,26.2204952,0.0254622698,0.122220881,1.38187625e-05,30,1.09500003,2
1546208400016456,58345836,2458337.961759293,58337.4583681,20.0450993,0.133054376,0,zr,5.7217833999999996,13.678047100000001,1.176,-0.123000003,20180807458368,1546,0x8,0x4,21.6100006,26.1921349,0.0247489233,0.123744607,1.30054141e-05,30,1.05900002,2
1546208400016456,58447945,2458338.982927918,58338.479456000001,20.2714233,0.15200001,0,zr,5.7217421999999996,13.678045900000001,0.629000008,0.0729999989,20180808479444,1546,0x8,0x4,21.2600002,26.172821,0.0259971432,0.134145766,1.44028863e-05,30,1.05799997,2
1546208400016456,59343418,2458347.9383250088,58347.434189799998,20.134182,0.140497893,0,zr,5.7217428999999997,13.678018099999999,0.760999978,0.0120000001,20180817434062,1546,0x8,0x4,21.7000008,26.1463947,0.0254390258,0.121581554,1.39262693e-05,30,1.05900002,2
1546208400016456,59934649,2458353.8510172446,58353.346493099998,20.253212,0.15048252,0,zr,5.7217741999999996,13.678062799999999,0.224999994,-0.0340000018,20180823346481,1546,0x8,0x4,21.2800007,26.2097702,0.0305332281,0.115592889,2.01448493e-05,30,1.18799996,2
1546208400016456,60135012,2458355.8547735922,58355.3501273,19.6966457,0.105590418,0,zr,5.7217767999999998,13.6779992,0.481000006,0.00300000003,20180825350116,1546,0x8,0x4,20.7900009,26.1974831,0.0349128842,0.123253316,2.63112543e-05,30,1.15799999,2
1546208400016456,60235277,2458356.8574833022,58356.352777799999,20.1433792,0.141270116,0,zr,5.7217688000000004,13.6779709,0.435000002,0.0179999992,20180826352766,1546,0x8,0x4,20.3700008,26.2131786,0.0357407816,0.132184073,2.73233218e-05,30,1.14199996,2
1546208400016456,60837967,2458362.8847093307,58362.379675900003,20.2442894,0.149737328,0,zr,5.7218213999999996,13.678014299999999,0.428000003,-0.0960000008,20180901379630,1546,0x8,0x4,21.2099991,26.2180233,0.0251209028,0.123306751,1.35033761e-05,30,1.06099999,2
1546208400016456,60944324,2458363.9483268457,58363.443240699999,20.2123909,0.147065848,0,zr,5.7217745999999998,13.678058800000001,0.805999994,-0.241999999,20180902443229,1546,0x8,0x4,21.1599998,26.1819019,0.0262578391,0.126197904,1.47879773e-05,30,1.08500004,2
1546208400016456,61036623,2458364.8713690173,58364.366238399998,20.311306,0.155302092,0,zr,5.7218100999999999,13.678025399999999,0.524999976,-0.0780000016,20180903366238,1546,0x8,0x4,21.5499992,26.1770649,0.0254772827,0.116895907,1.39785552e-05,30,1.06900001,2
1546208400016456,61136543,2458365.8706171843,58365.3654398,20.173542,0.143803924,0,zr,5.7218153000000003,13.6780302,0.970000029,-0.0979999974,20180904365428,1546,0x8,0x4,21.5,26.219286,0.0234407261,0.113847002,1.17961263e-05,30,1.06599998,2
1546208400016456,61238717,2458366.8923996254,58366.387175900003,20.1214066,0.139426112,0,zr,5.7217038000000002,13.677974799999999,0.848999977,-0.0120000001,20180905387164,1546,0x8,0x4,21.5799999,26.2050896,0.0260366686,0.123494521,1.45519516e-05,30,1.05200005,2
1546208400016456,61435267,2458368.8579821545,58368.352673599999,20.3024235,0.154569775,0,zr,5.7217786999999998,13.677976900000001,0.532000005,0.0260000005,20180907352662,1546,0x8,0x4,21.6000004,26.1971779,0.0247062594,0.123293333,1.31575216e-05,30,1.07200003,2
1546208400016456,61538781,2458369.8931634268,58369.387812499997,20.2935314,0.153834611,0,zr,5.7217332000000001,13.678090299999999,0.538999975,0.0900000036,20180908387812,1546,0x8,0x4,21.4799995,26.1770687,0.0258048736,0.127974525,1.43036787e-05,30,1.051,2
1546208400016456,62035280,2458374.8583323848,58374.3528009,19.8947201,0.120790608,0,zr,5.7217979999999997,13.6780081,1.25300002,-0.0810000002,20180913352801,1546,0x8,0x4,21.4799995,26.22925,0.0226275846,0.118665367,1.09675902e-05,30,1.05700004,2
1546208400016456,62331262,2458377.8182481583,58377.312627300002,20.1440964,0.141330376,0,zr,5.7217646000000002,13.6780154,1.29200006,-0.214000002,20180916312616,1546,0x8,0x4,21.7099991,26.2108383,0.0301594436,0.116914444,1.95749471e-05,30,1.09599996,2
1546208400016456,62630108,2458380.8067849758,58380.301088,19.7708626,0.111136183,0,zr,5.7218004000000002,13.6779969,0.698000014,-0.00700000022,20180919301076,1546,0x8,0x4,21.5200005,26.2485504,0.0306071285,0.110517599,2.0046642e-05,30,1.102,2
1546208400016456,62934813,2458383.8538963892,58383.348136599998,19.6787529,0.104282483,0,zr,5.7217852000000002,13.6779458,0.398999989,-0.0419999994,20180922348125,1546,0x8,0x4,20.8299999,26.1791039,0.0372325741,0.118448369,3.02027638e-05,30,1.051,2
1546208400016456,63532980,2458389.8356421771,58389.329803200002,19.1916771,0.0733766407,0,zr,5.7217887000000003,13.6779858,0.289999992,0.00899999961,20180928329792,1546,0x8,0x4,21.1299992,26.2032928,0.0295802988,0.103186764,1.87085589e-05,30,1.051,2
1546208400016456,67026260,2458424.7677195994,58424.262604199997,20.2247143,0.14809902,0,zr,5.7217587999999999,13.6780422,0.426999986,0.0130000003,20181102262593,1546,0x8,0x4,20.6399994,25.8356113,0.0330077633,0.117486998,2.31086669e-05,30,1.07299995,2
1546208400016456,67427026,2458428.775174425,58428.270266200001,19.7698612,0.111060098,0,zr,5.7217633000000001,13.678020500000001,0.338999987,-0.0399999991,20181106270266,1546,0x8,0x4,21.5200005,26.2099857,0.0236249138,0.119196862,1.20460527e-05,30,1.09899998,2
1546208400016456,68913532,2458443.6392705413,58443.135324100003,19.6613464,0.103021175,0,zr,5.7217245999999999,13.6780644,0.566999972,0.128999993,20181121135324,1546,0x8,0x4,20.4300003,26.2030334,0.0320147052,0.115600385,2.20397651e-05,30,1.097,2
1546208400016456,70222285,2458456.7257460873,58456.2228588,19.9748306,0.12726301,0,zr,5.7218865000000001,13.6780493,0.920000017,-0.0670000017,20181204222847,1546,0x8,0x4,20.8999996,26.2114773,0.0264669806,0.120109327,1.51097211e-05,30,1.171,2
1546208400016456,70320276,2458457.7055676724,58457.202766199996,19.9366684,0.124160178,0,zr,5.7219639999999998,13.6781366,0.782000005,0.150999993,20181205202755,1546,0x8,0x4,20.2999992,26.2266006,0.0288278051,0.100179113,1.78506434e-05,30,1.12300003,2
1546208400016456,94149163,2458695.9944270081,58695.491631899997,19.3682632,0.0835160613,0,zr,5.7217818999999999,13.6780268,0.740999997,-0.0659999996,20190731491620,1546,0x8,0x4,21.7299995,26.142355,0.0234639328,0.112741232,1.15341063e-05,30,1.051,2
1546208400016456,94149208,2458695.9948784485,58695.4920833,19.3596992,0.0829964131,0,zr,5.7217722999999996,13.677997700000001,1.07299995,-0.112999998,20190731492083,1546,0x8,0x4,21.6499996,26.1467915,0.0227146819,0.109216258,1.09170478e-05,30,1.051,3
1546208400016456,95050148,2458705.0050136177,58704.501481500003,19.1889,0.0732267201,0,zr,5.7217304999999996,13.678032399999999,1.13999999,0.0320000015,20190809501377,1546,0x8,0x4,20.8500004,26.1414433,0.0275618732,0.12986289,1.58603125e-05,30,1.07200003,2
1546208400016456,95050193,2458705.0054650512,58704.501932899999,19.2667656,0.0775411129,0,zr,5.7217889,13.6779659,0.777999997,-0.0219999999,20190809501933,1546,0x8,0x4,20.8500004,26.1391525,0.0280214678,0.132275462,1.64632656e-05,30,1.07299995,3
1546208400016456,96347881,2458717.9832728775,58717.478819399999,19.2193165,0.0748844594,0,zr,5.7218038,13.6780033,0.426999986,-0.0489999987,20190822478808,1546,0x8,0x4,20.9599991,26.1398373,0.0275819488,0.117945343,1.59611845e-05,30,1.09200001,2
1546208400016456,96347927,2458717.9837243091,58717.479270800002,19.0728645,0.0672208741,0,zr,5.7217422999999998,13.6780119,1.324,0.0260000005,20190822479271,1546,0x8,0x4,21.0300007,26.1527424,0.0255785249,0.117363229,1.36227563e-05,30,1.09300005,3
1546208400016456,96542767,2458719.9322488201,58719.427673600003,19.2003975,0.073849231,0,zr,5.7217757000000002,13.6779922,0.430000007,-0.0549999997,20190824427674,1546,0x8,0x4,21.3400002,26.1317616,0.0239482298,0.114486761,1.20827663e-05,30,1.051,2
1546208400016456,96542812,2458719.932700247,58719.428124999999,19.2108212,0.0744179413,0,zr,5.7217792999999997,13.678006399999999,1.03699994,-0.023,20190824428125,1546,0x8,0x4,21.3500004,26.1251411,0.0247658249,0.11413826,1.29792361e-05,30,1.051,3
1546208400016456,97237474,2458726.8797147325,58726.374745399997,19.0326271,0.0652534515,0,zr,5.7217829,13.677994,0.479999989,-0.0160000008,20190831374745,1546,0x8,0x4,21.6299992,26.1244812,0.0246648211,0.117060453,1.27951698e-05,30,1.06799996,2
1546208400016456,97237519,2458726.8801661567,58726.3751968,19.167778,0.0720961392,0,zr,5.7217570999999996,13.67801,0.666000009,-0.0160000008,20190831375197,1546,0x8,0x4,21.6499996,26.1453438,0.0225509759,0.112482376,1.06903608e-05,30,1.06799996,3
1546208400016456,99136047,2458745.8661669185,58745.360474499998,19.0994987,0.0685553998,0,zr,5.7217957000000004,13.6780051,0.758000016,-0.0560000017,20190919360475,1546,0x8,0x4,20.7600002,26.1278324,0.024976613,0.124055795,1.31102624e-05,30,1.051,2
1546208400016456,99136092,2458745.8666183292,58745.3609259,19.01931,0.0646151155,0,zr,5.7217776000000002,13.6780089,0.898000002,-0.0529999994,20190919360926,1546,0x8,0x4,20.9099998,26.133812,0.026663756,0.116913781,1.49152329e-05,30,1.051,3
1546208400016456,99340928,2458747.9150194796,58747.409282400004,19.0281601,0.0650386289,0,zr,5.7217628999999999,13.6779964,0.49000001,0.0399999991,20190921409178,1546,0x8,0x4,20.7099991,26.0973511,0.0276903845,0.130798325,1.61315638e-05,30,1.11800003,2
1546208400016456,99340973,2458747.9154708893,58747.409733799999,19.1809254,0.0727979243,0,zr,5.7217377999999997,13.6779829,0.421000004,0.0289999992,20190921409722,1546,0x8,0x4,20.8999996,26.0977993,0.0278474558,0.130093306,1.63416044e-05,30,1.11899996,3
1546208400016456,99432328,2458748.8290418354,58748.323286999999,18.8023739,0.0550762899,32768,zr,5.7217741000000002,13.677998199999999,0.598999977,0.0280000009,20190922323275,1546,0x8,0x4,21.0499992,26.0193405,0.0457912087,0.113652326,4.3664335e-05,30,1.05999994,2
1546208400016456,99432373,2458748.8294932428,58748.323738400002,19.1110611,0.0691428259,32768,zr,5.7218027999999999,13.6780212,0.575999975,0.0590000004,20190922323727,1546,0x8,0x4,20.9899998,25.9704323,0.0329249278,0.120985717,2.28125955e-05,30,1.05999994,3
1546208400016456,99536731,2458749.8730882299,58749.367314800002,19.0020218,0.0637957752,0,zr,5.7217482999999998,13.6778966,1.12800002,0.0260000005,20190923367303,1546,0x8,0x4,20.6599998,26.082531,0.0332677104,0.144245893,2.31364338e-05,30,1.05999994,2
1546208400016456,99536775,2458749.8735280344,58749.367754600004,19.0787392,0.0675130039,0,zr,5.7217728000000001,13.678004400000001,1.16600001,-0.0820000023,20190923367755,1546,0x8,0x4,21.4899998,26.0980911,0.0257540997,0.110958412,1.38711484e-05,30,1.06099999,3
1546208400016456,99632812,2458750.8339139638,58750.328125,19.0609818,0.0666337907,0,zr,5.7218267000000003,13.678015800000001,0.83099997,-0.0890000015,20190924328044,1546,0x8,0x4,20.9699993,26.0537167,0.0261316746,0.127864972,1.43869847e-05,30,1.05299997,2
1546208400016456,99632857,2458750.8343653711,58750.328576400003,19.2875328,0.0787310228,0,zr,5.7218068000000004,13.6780025,0.328999996,0.0359999985,20190924328576,1546,0x8,0x4,21.0499992,26.0568333,0.0257467367,0.128209144,1.39230242e-05,30,1.05299997,3
1546208400016456,100529094,2458759.7968089087,58759.290949100003,19.2136669,0.0745739043,0,zr,5.7217735999999997,13.6779987,0.97299999,-0.0379999988,20191003290938,1546,0x8,0x4,21.6000004,26.1335754,0.0240246411,0.110477619,1.23523314e-05,30,1.06200004,2
1546208400016456,100529140,2458759.7972603086,58759.291400499998,19.2184048,0.074834317,0,zr,5.7217852000000002,13.6780133,1.64600003,-0.171000004,20191003291400,1546,0x8,0x4,21.5900002,26.1203022,0.0246487875,0.117544003,1.30035778e-05,30,1.06099999,3
1546208400016456,100739803,2458761.9038892402,58761.3980324,19.0029106,0.0638376623,0,zr,5.7217592000000002,13.6779654,0.690999985,-0.0160000008,20191005397963,1546,0x8,0x4,21.0599995,26.1004601,0.0274376143,0.126472071,1.60118507e-05,30,1.199,2
1546208400016456,100739848,2458761.9043406378,58761.398483800003,18.9158325,0.0598668084,0,zr,5.7217827000000003,13.6779993,0.748000026,0.0270000007,20191005398484,1546,0x8,0x4,20.9799995,26.0935421,0.0269666314,0.131830573,1.54291447e-05,30,1.20099998,3
1546208400016456,100930362,2458763.8094704919,58763.303622699998,19.2432041,0.0762111396,0,zr,5.7217855000000002,13.6779525,0.740999997,-0.0370000005,20191007303623,1546,0x8,0x4,21.0900002,26.1191711,0.0279845446,0.12890327,1.65469701e-05,30,1.051,2
1546208400016456,100930497,2458763.8108246825,58763.304976899999,19.2540646,0.0768214837,0,zr,5.7217741999999996,13.677985400000001,0.550999999,-0.0419999994,20191007304977,1546,0x8,0x4,21.3899994,26.1309929,0.0243538488,0.113153979,1.27633193e-05,30,1.04999995,3
1546208400016456,101730621,2458771.8119586296,58771.306215299999,19.59865,0.0985710695,0,zr,5.7218853000000003,13.677932800000001,0.851999998,-0.458999991,20191015306215,1546,0x8,0x4,19.6700001,26.1233139,0.0377582014,0.12138465,3.01394375e-05,30,1.05999994,2
1546208400016456,101730666,2458771.8124100142,58771.306666700002,19.5579453,0.0957614258,0,zr,5.7216581,13.67807,0.771000028,-0.225999996,20191015306655,1546,0x8,0x4,19.8199997,26.1106167,0.0346890725,0.121980242,2.53082744e-05,30,1.05999994,3
1546208400016456,101926702,2458773.7727270112,58773.267025499998,19.0076981,0.0640636384,0,zr,5.7217658,13.6780346,0.266000003,0.0260000005,20191017267014,1546,0x8,0x4,20.3999996,25.9140034,0.0342694297,0.112917446,2.45422925e-05,30,1.05299997,2
1546208400016456,101926747,2458773.7731784019,58773.2674769,19.3871727,0.0846736059,32768,zr,5.7218206,13.6780832,0.458000004,-0.0199999996,20191017267465,1546,0x8,0x4,20.0200005,25.7889309,0.0681964532,0.10148634,9.92376299e-05,30,1.05200005,3
1546208400016456,102021435,2458774.7200309271,58774.214351900002,19.173542,0.0724029988,0,zr,5.7217846000000003,13.677989800000001,1.23399997,-0.125,20191018214340,1546,0x8,0x4,20.7800007,26.1194401,0.025302114,0.124579817,1.33936019e-05,30,1.11899996,2
1546208400016456,102021480,2458774.7204822171,58774.214803199997,19.1757927,0.0725231543,0,zr,5.7218042999999996,13.6779841,1.12699997,-0.0869999975,20191018214803,1546,0x8,0x4,20.8199997,26.1096859,0.0262135081,0.121897183,1.4509882e-05,30,1.11800003,3
1546208400016456,102130581,2458775.8114615111,58775.3058102,19.192524,0.0734223947,0,zr,5.7217577000000004,13.6780122,1.01800001,0.209999993,20191019305799,1546,0x8,0x4,21.2399998,26.1236496,0.0254273526,0.112428628,1.36481904e-05,30,1.07000005,2
1546208400016456,102130626,2458775.8119129008,58775.306261600002,19.1937141,0.0734867901,0,zr,5.7218042000000002,13.677971899999999,1.32500005,-0.023,20191019306250,1546,0x8,0x4,21.3400002,26.1378365,0.0274592321,0.109042011,1.60213822e-05,30,1.07099998,3
1546208400016456,102229143,2458776.7970598065,58776.291435200001,19.2652225,0.0774533153,0,zr,5.7217653999999998,13.677967900000001,0.84799999,-0.112000003,20191020291435,1546,0x8,0x4,20.7800007,26.1209011,0.026084993,0.120805226,1.43697616e-05,30,1.05900002,2
1546208400016456,102229188,2458776.7975111934,58776.291886600004,19.2562561,0.0769452453,0,zr,5.7217523999999997,13.677944399999999,0.916999996,-0.00700000022,20191020291887,1546,0x8,0x4,20.7399998,26.1189365,0.0276140179,0.118797332,1.60760665e-05,30,1.05900002,3
1546208400016456,102330326,2458777.8088594335,58777.303263900001,18.877285,0.0581915975,0,zr,5.7217691000000004,13.6780249,1.75899994,-0.118000001,20191021303264,1546,0x8,0x4,20.4200001,26.1168098,0.0286720004,0.131609276,1.74461693e-05,30,1.074,2
1546208400016456,102330371,2458777.8093108227,58777.303715299997,18.9468803,0.0612525679,0,zr,5.7218530000000003,13.677960199999999,0.924000025,-0.0520000011,20191021303715,1546,0x8,0x4,20.3600006,26.1222801,0.0298945066,0.131570801,1.88872709e-05,30,1.074,3
1546208400016456,102522421,2458779.7297487701,58779.224213000001,19.1638794,0.0718892589,0,zr,5.7217789000000003,13.6779692,0.442000002,-0.0149999997,20191023224201,1546,0x8,0x4,21.1000004,26.1229343,0.0253556576,0.121965893,1.37520892e-05,30,1.07599998,2
1546208400016456,102522466,2458779.7302001552,58779.224664399997,19.0835056,0.0677509308,0,zr,5.7217688999999998,13.677987099999999,0.853999972,0.0579999983,20191023224664,1546,0x8,0x4,21.2600002,26.1247349,0.024787141,0.115291834,1.3079155e-05,30,1.07500005,3
1546208400016456,102731120,2458781.8166677626,58781.311203700003,19.1704884,0.0722402334,0,zr,5.7217153999999999,13.6780265,0.476000011,-0.0579999983,20191025311192,1546,0x8,0x4,19.4899998,25.9314613,0.0407688692,0.117447041,3.91547364e-05,30,1.10599995,2
1546208400016456,102731165,2458781.8171191472,58781.311655099998,18.9828625,0.0629001036,0,zr,5.7217368999999998,13.6780752,0.63499999,-0.0130000003,20191025311655,1546,0x8,0x4,19.8199997,25.9032383,0.0407290123,0.117598794,3.51329109e-05,30,1.10699999,3
1546208400016456,103321321,2458787.7184415148,58787.213217600001,19.4855137,0.0909196511,0,zr,5.722054,13.6779656,1.04999995,0.0890000015,20191031213206,1546,0x8,0x4,20.0599995,26.1312962,0.0356836468,0.117165424,2.66980878e-05,30,1.06299996,2
1546208400016456,103321366,2458787.7188928854,58787.213668999997,19.2077255,0.0742486119,0,zr,5.7218480999999999,13.678130700000001,1.02699995,0.884000003,20191031213669,1546,0x8,0x4,19.8899994,26.1335945,0.0411372297,0.114997186,3.55704797e-05,30,1.06299996,3
1546208400016456,103428921,2458788.7943872763,58788.289212999996,19.2296391,0.0754551217,0,zr,5.7217763000000001,13.6780098,1.28199995,0.075000003,20191101289190,1546,0x8,0x4,20.8899994,26.1134453,0.0265328698,0.124082729,1.49290572e-05,30,1.10000002,2
1546208400016456,103428966,2458788.7948386525,58788.289664399999,19.2403507,0.076051496,0,zr,5.7217302999999999,13.677968699999999,0.788999975,0.0689999983,20191101289664,1546,0x8,0x4,20.8199997,26.1041317,0.0267063882,0.132860765,1.49974221e-05,30,1.10099995,3
1546208400016456,103619403,2458790.6991215707,58790.194039399998,19.2639179,0.0773792192,0,zr,5.7217840000000004,13.677995900000001,0.36500001,0.0379999988,20191103194028,1546,0x8,0x4,21.1499996,26.1265659,0.0237171315,0.11295265,1.17694972e-05,30,1.07599998,2
1546208400016456,103619449,2458790.6995728496,58790.1944907,19.4084435,0.08599253,0,zr,5.7218077999999997,13.6780325,0.556999981,0.0149999997,20191103194491,1546,0x8,0x4,21.2299995,26.1320972,0.0232829843,0.113105446,1.13653268e-05,30,1.07500005,3
1546208400016456,103818317,2458792.6881515291,58792.183171299999,19.6363297,0.101227917,0,zr,5.7218124000000001,13.677984800000001,0.518999994,-0.0289999992,20191105183171,1546,0x8,0x4,20.9799995,26.0891285,0.0274791792,0.12023735,1.57550749e-05,30,1.08399999,2
1546208400016456,103818362,2458792.6886029034,58792.183622700002,19.2689857,0.0776674971,0,zr,5.7217798000000002,13.67798,1.85000002,-0.00400000019,20191105183623,1546,0x8,0x4,21.0499992,26.0927849,0.0261715036,0.11468704,1.44317346e-05,30,1.08299994,3
1546208400016456,104726490,2458801.7693510982,58801.2649074,19.4516487,0.0887260064,0,zr,5.7217745999999998,13.6780791,0.754999995,-0.144999996,20191114264896,1546,0x8,0x4,19.9200001,25.8675652,0.0383854099,0.1155698,3.19644241e-05,30,1.125,2
1546208400016456,104726535,2458801.769802467,58801.265358800003,19.2317429,0.0755718648,0,zr,5.7217719999999996,13.677975099999999,0.476000011,-0.109999999,20191114265347,1546,0x8,0x4,19.8899994,25.8577194,0.0392681882,0.128665298,3.33585085e-05,30,1.12600005,3
1546208400016456,211030763,2459864.813430516,59864.307638899998,18.1443119,0.0345640965,0,zr,5.7217891999999999,13.6780382,0.763000011,-0.0829999968,20221012307639,1546,0x8,0x4,20.5100002,26.2511673,0.0292544924,0.12133693,1.83415432e-05,30,1.05400002,2
1546208400016456,211134978,2459865.8555550664,59865.349780099998,18.1588898,0.0349048004,0,zr,5.7217960000000003,13.678027,0.286000013,0.0189999994,20221013349780,1546,0x8,0x4,20.8199997,26.3040009,0.0227837469,0.0964565799,1.10082274e-05,30,1.11899996,2
1546208400016456,212426982,2459878.7752464944,59878.269826399999,18.2252731,0.0365127213,0,zr,5.7218033999999998,13.6780347,0.963999987,-0.0549999997,20221026269826,1546,0x8,0x4,21.4500008,26.2767601,0.0226434059,0.112817273,1.08861323e-05,30,1.05499995,2
1546208400016456,214718358,2459901.6877502748,59901.183588,18.1091805,0.0337608941,32768,zr,5.7217814999999996,13.6780393,0.984000027,0.0850000009,20221118183576,1546,0x8,0x4,20.2199993,25.2369823,0.0361362509,0.117468752,2.82653418e-05,30,1.04999995,2
1546208400016456,243036918,2460184.8739951169,60184.369189800003,19.9673042,0.126648396,0,zr,5.7217264999999999,13.6779384,0.763000011,-0.0810000002,20230828369190,1546,0x8,0x4,20.8700008,26.2799454,0.0271820799,0.127516538,1.58127423e-05,30,1.08700001,2
1546208400016456,243132074,2460185.8255987647,60185.320740700001,20.0129967,0.13039726,0,zr,5.7218372000000004,13.678058,0.34799999,0.0430000015,20230829320741,1546,0x8,0x4,20.8400002,26.3010349,0.0259566121,0.107738383,1.45625418e-05,30,1.21399999,2
1546208400016456,243333690,2460187.8418755867,60187.336909700003,19.9653816,0.126491606,0,zr,5.7217976999999998,13.678006999999999,0.573000014,-0.185000002,20230831336910,1546,0x8,0x4,20.2700005,26.2591743,0.0310951024,0.120791703,2.05186861e-05,30,1.13999999,2
1546208400016456,243944324,2460193.9484986351,60193.443240699999,19.9715919,0.126998395,0,zr,5.7217308999999998,13.677997599999999,1.028,-0.147,20230906443241,1546,0x8,0x4,21.2399998,26.278553,0.0237183757,0.112088129,1.19894585e-05,30,1.10099995,2
1546208400016456,260311844,2460357.6145247114,60357.118449100002,18.4304256,0.0421105213,0,zr,5.7218169999999997,13.6780116,0.846000016,-0.0500000007,20240217118438,1546,0x8,0x4,20.5900002,26.1754398,0.0280681141,0.117923975,1.68052193e-05,30,1.96899998,2
1546208400016456,260311892,2460357.6149991783,60357.118923599999,18.3291473,0.0392233916,0,zr,5.7218090999999998,13.678027999999999,0.856000006,0.0149999997,20240217118912,1546,0x8,0x4,20.6200008,26.184248,0.0265302416,0.11364989,1.48518984e-05,30,1.97800004,2
1546208400016456,260311938,2460357.6154621458,60357.119386600003,18.3859253,0.0408111177,0,zr,5.7217890999999996,13.6780522,0.463,0.0359999985,20240217119387,1546,0x8,0x4,20.6100006,26.1609669,0.0290363077,0.116752528,1.78719893e-05,30,1.98599994,2
1546208400016456,260411766,2460358.613669863,60358.117661999997,18.4804268,0.0436302498,0,zr,5.7217358000000003,13.6780563,0.458000004,-0.0240000002,20240218117662,1546,0x8,0x4,20.1200008,26.1972904,0.0296346787,0.118578762,1.88133818e-05,30,2.00399995,2
1546208400016456,260411813,2460358.6141444347,60358.118136600002,18.3908882,0.0409535915,0,zr,5.7218217999999998,13.678041199999999,0.72299999,-0.125,20240218118125,1546,0x8,0x4,20.3199997,26.195858,0.0301604103,0.118079036,1.96469136e-05,30,2.01300001,2
1546208400016456,260411861,2460358.614618903,60358.118611099999,18.4996834,0.0442328118,0,zr,5.7218504000000001,13.6780253,0.505999982,0.0450000018,20240218118600,1546,0x8,0x4,20.25,26.1885242,0.0293014385,0.117466278,1.85088702e-05,30,2.02099991,2
1546208400016456,305749575,2460811.9918491729,60811.495752299998,18.6556931,0.0494875498,0,zr,5.7218608,13.6780445,0.187000006,0.0370000005,20250516495683,1546,0x8,0x4,18.4300003,26.161644,0.0436615758,0.122372493,8.7809618e-05,30,2.56800008,1
1546208400016456,306247538,2460816.9718276458,60816.475381900003,18.637207,0.0488290563,0,zr,5.7217785000000001,13.6780428,0.264999986,-0.00700000022,20250521475370,1546,0x8,0x4,20.5200005,26.0829945,0.0318400227,0.125969559,2.1597607e-05,30,2.80100012,1
1546208400016456,306247921,2460816.9756590291,60816.479212999999,18.8872375,0.0586193204,0,zr,5.7217905,13.6780136,0.578999996,0.0810000002,20250521479201,1546,0x8,0x4,20.4599991,26.0816364,0.0312147718,0.126285851,2.08845595e-05,30,2.66300011,1
1546208400016456,306248304,2460816.9794903109,60816.483044000001,18.8894329,0.0587141365,0,zr,5.7218036000000003,13.6780416,1.25399995,-0.149000004,20250521483044,1546,0x8,0x4,20.1900005,26.1258373,0.0336710811,0.124683283,2.4297924e-05,30,2.53800011,1
1546208400016456,306347451,2460817.9710329254,60817.474513900001,18.8958778,0.0589933544,0,zr,5.7217989999999999,13.678095900000001,0.856000006,-0.143999994,20250522474514,1546,0x8,0x4,20.4400005,26.1292286,0.0313933529,0.12771529,2.10073358e-05,30,2.73200011,1
1546208400016456,306347835,2460817.9748758157,60817.478356500003,18.8221283,0.0558801256,0,zr,5.7217862999999998,13.678051699999999,0.728999972,-0.126000002,20250522478356,1546,0x8,0x4,20.4300003,26.1356125,0.0311442744,0.129778162,2.07416233e-05,30,2.5999999,1
1546208400016456,306348219,2460817.9787187027,60817.482199099999,19.0873756,0.0679447204,0,zr,5.7218160999999998,13.6780249,0.486999989,0.0439999998,20250522482199,1546,0x8,0x4,20.1800003,26.1523533,0.0322959349,0.119404808,2.23813422e-05,30,2.48099995,1
1546208400016456,306447442,2460818.9710147157,60818.474421300001,18.4762535,0.0435009338,0,zr,5.7218301,13.6780694,1.42799997,-0.172000006,20250523474421,1546,0x8,0x4,20.2600002,26.1252594,0.0302445367,0.126043037,1.98016296e-05,30,2.6400001,1
1546208400016456,306447826,2460818.9748576125,60818.478263899997,18.7971992,0.0548677742,0,zr,5.7217851,13.6780223,1.01800001,-0.0989999995,20250523478264,1546,0x8,0x4,20.3500004,26.1467609,0.0304399841,0.114222698,1.96532583e-05,30,2.51699996,1
1546208400016456,306448210,2460818.9787005009,60818.4821065,18.6305866,0.0485956185,0,zr,5.7218327000000002,13.6780475,1.11899996,-0.0820000023,20250523482106,1546,0x8,0x4,20.2700005,26.148428,0.0310003795,0.124030516,2.04649004e-05,30,2.4059999,1
1546208400016456,306547369,2460819.9703608891,60819.4736921,18.9704285,0.0623257272,0,zr,5.7218261999999998,13.6780852,1.14300001,-0.0460000001,20250524473681,1546,0x8,0x4,20.25,26.1176739,0.0356044024,0.113008276,2.68454551e-05,30,2.57500005,1
1546208400016456,306547702,2460819.9736945448,60819.477025499997,18.9195786,0.060032241,0,zr,5.7218660999999997,13.678014599999999,0.712000012,-0.00300000003,20250524477025,1546,0x8,0x4,20.4099998,26.127924,0.0320843421,0.118690282,2.18304722e-05,30,2.47300005,1
1546208400016456,306548178,2460819.9784518136,60819.481782399998,18.7801876,0.0541882738,0,zr,5.7218233999999999,13.678075400000001,0.611999989,0.0710000023,20250524481771,1546,0x8,0x4,20.1900005,26.1357727,0.032240618,0.110641666,2.18738332e-05,30,2.34200001,1
1546208400016456,306647193,2460820.9686779925,60820.4719329,18.5607491,0.0462091975,0,zr,5.7218035,13.6780449,0.538999975,-0.0419999994,20250525471921,1546,0x8,0x4,20.6200008,26.0486698,0.0299367923,0.112203002,1.90732953e-05,30,2.54399991,1
1546208400016456,306647620,2460820.9729491258,60820.476203699996,18.5745201,0.0466689393,0,zr,5.7218097999999999,13.678038300000001,0.425999999,-0.00200000009,20250525476204,1546,0x8,0x4,20.5400009,26.077446,0.0291926321,0.106100857,1.79297786e-05,30,2.41899991,1
1546208400016456,306648001,2460820.9767573252,60820.480011599997,18.5491829,0.0458271131,0,zr,5.7217756,13.6780492,0.851999998,-0.0280000009,20250525480000,1546,0x8,0x4,20.3400002,26.0891342,0.0299914833,0.11240796,1.90557166e-05,30,2.31800008,1
1546208400016456,306747331,2460821.9701328194,60821.473310200003,18.7436752,0.0527606122,0,zr,5.7218559000000004,13.6780425,1.04799998,-0.0680000037,20250526473299,1546,0x8,0x4,20.4799995,26.0703106,0.0361198634,0.118187584,2.78381267e-05,30,2.4230001,1
1546208400016456,306747710,2460821.9739294206,60821.477106500002,18.5348186,0.0453576557,0,zr,5.7218420999999999,13.6780332,0.426999986,0.00499999989,20250526477106,1546,0x8,0x4,20.5,26.0797615,0.029103674,0.118302293,1.79571707e-05,30,2.32200003,1
1546208400016456,306748091,2460821.9777376242,60821.480914400003,18.7224007,0.0519477203,0,zr,5.7218093999999997,13.6780303,0.862999976,-0.0659999996,20250526480903,1546,0x8,0x4,20.3400002,26.0970783,0.0362114795,0.120207675,2.7900478e-05,30,2.22900009,1
1546208400016456,306847211,2460822.9690190135,60822.472118099999,18.5782928,0.046795819,0,zr,5.7217909000000002,13.678041199999999,0.368000001,-0.0450000018,20250527472118,1546,0x8,0x4,20.9099998,26.0483379,0.0266722739,0.119011447,1.51224913e-05,30,2.38100004,1
1546208400016456,306847594,2460822.972850319,60822.4759491,18.6385212,0.0488755219,0,zr,5.7218027999999999,13.678053999999999,1.273,-0.0860000029,20250527475949,1546,0x8,0x4,20.9099998,26.0584888,0.0284173395,0.119967081,1.72702657e-05,30,2.28299999,1
1546208400016456,306848026,2460822.9771677651,60822.4802662,18.5245399,0.045025181,0,zr,5.7217989999999999,13.6780352,1.19400001,-0.0410000011,20250527480266,1546,0x8,0x4,20.5900002,26.0746899,0.0257680472,0.110797815,1.42915296e-05,30,2.18199992,1
1546208400016456,306947189,2460823.968878313,60823.471898099997,18.8796787,0.0582941845,0,zr,5.7218258999999998,13.6780404,0.439999998,0.063000001,20250528471887,1546,0x8,0x4,21.1100006,26.0702496,0.0251072757,0.119872801,1.3374296e-05,30,2.31599998,1
1546208400016456,306947574,2460823.972721227,60823.4757407,18.3977203,0.0411507636,0,zr,5.7217922000000003,13.678029199999999,0.510999978,0.0500000007,20250528475729,1546,0x8,0x4,21.0499992,26.0610275,0.0309658274,0.119629748,2.02841838e-05,30,2.22300005,1
1546208400016456,306947953,2460823.9765178342,60823.479536999999,18.617342,0.0481324457,0,zr,5.7217905,13.6780176,1.16600001,-0.137999997,20250528479537,1546,0x8,0x4,20.9200001,26.0784187,0.0274554789,0.119795993,1.59699102e-05,30,2.13899994,1
1546208400016456,307047009,2460824.9671528959,60824.4700926,18.8432922,0.0567552596,0,zr,5.7218090000000004,13.6780802,0.809000015,0.063000001,20250529470093,1546,0x8,0x4,20.9699993,26.099905,0.0245581139,0.118749611,1.29571663e-05,30,2.29200006,1
1546208400016456,307047388,2460824.9709495096,60824.4738889,18.9272366,0.0603719763,0,zr,5.7217827999999997,13.678046399999999,0.754999995,-0.0359999985,20250529473889,1546,0x8,0x4,20.8799992,26.1067162,0.0269338042,0.119903922,1.54137106e-05,30,2.20300007,1
1546208400016456,307047769,2460824.9747577207,60824.477696800001,18.8437309,0.0567735545,0,zr,5.7217931999999996,13.6780288,0.250999987,-0.00499999989,20250529477685,1546,0x8,0x4,20.7800007,26.1013966,0.0267183892,0.129586175,1.51510649e-05,30,2.11999989,1
1546208400016456,307746866,2460831.966314117,60831.468669000002,18.5968628,0.0474260636,0,zr,5.7218173999999999,13.678031799999999,0.490999997,-0.0219999999,20250605468646,1546,0x8,0x4,21.2600002,26.0649796,0.0253496189,0.120214209,1.38791956e-05,30,1.93200004,1
1546208400016456,307747248,2460831.9701338513,60831.472488400002,18.6478977,0.0492086671,0,zr,5.7218039000000003,13.678039800000001,0.824000001,-0.00100000005,20250605472465,1546,0x8,0x4,21.1800003,26.0799828,0.0253298264,0.124173515,1.36663784e-05,30,1.87100005,1
1546208400016456,307747630,2460831.9739536839,60831.476307899997,18.5533314,0.0459637381,0,zr,5.7218171,13.6780317,0.790000021,-0.0869999975,20250605476296,1546,0x8,0x4,20.9799995,26.0965977,0.0290994179,0.121825598,1.81735522e-05,30,1.81400001,1
1546208400016456,307846666,2460832.9643982323,60832.466666699998,18.4984398,0.0441936031,0,zr,5.7218330999999996,13.6780443,0.654999971,-0.0769999996,20250606466655,1546,0x8,0x4,21.25,26.043602,0.0264058243,0.116878562,1.4837482e-05,30,1.91999996,1
1546208400016456,307847050,2460832.9682411714,60832.470509300001,18.6695518,0.049987752,0,zr,5.7218287999999999,13.678032099999999,0.922999978,0.00899999961,20250606470486,1546,0x8,0x4,21.1299992,26.0615444,0.0288154241,0.120817661,1.75685382e-05,30,1.85899997,1
1546208400016456,307847434,2460832.9720725096,60832.474340300003,18.6778793,0.0502910651,0,zr,5.7218146000000001,13.6780262,0.421000004,-0.00200000009,20250606474317,1546,0x8,0x4,21.0499992,26.0729065,0.0260350723,0.120407335,1.45359054e-05,30,1.80299997,1
1546208400016456,307946791,2460833.9657356185,60833.467916699999,18.6309681,0.048609037,0,zr,5.7218292999999996,13.678061899999999,1.18700004,0.0939999968,20250607467905,1546,0x8,0x4,21.2900009,26.1558895,0.0256655272,0.116327345,1.40611437e-05,30,1.85699999,1
1546208400016456,307947175,2460833.9695785609,60833.471759300002,18.7441406,0.0527785309,0,zr,5.7218115999999997,13.6780493,0.81400001,-0.0680000037,20250607471748,1546,0x8,0x4,21.2199993,26.1699314,0.0259970725,0.118256643,1.44070118e-05,30,1.801,1
1546208400016456,307947560,2460833.9734215015,60833.475601899998,18.7938137,0.0547318198,0,zr,5.7218111,13.6780548,0.763000011,0.0359999985,20250607475590,1546,0x8,0x4,20.9799995,26.158577,0.0281378888,0.116492443,1.70637359e-05,30,1.74800003,1
1546308400008030,61534853,2458369.8538794443,58369.348530099996,19.7172241,0.0990607589,0,zi,5.7217640999999997,13.6781065,1.45299995,-0.256999999,20180908348530,1546,0x8,0x4,20.5699997,25.6472244,0.0269163232,0.192714632,1.67734124e-05,30,1.074,2
1546308400008030,62333331,2458377.8389316397,58377.333310200003,19.2059975,0.0693161562,0,zi,5.7217703000000002,13.6780086,0.667999983,-0.107000001,20180916333287,1546,0x8,0x4,21.0900002,25.6429977,0.0247352105,0.189917892,1.39158137e-05,30,1.06599998,2
1546308400008030,62437491,2458378.8805685579,58378.374919000002,19.2018967,0.0691139027,0,zi,5.7217456000000002,13.677998499999999,1.03799999,0.063000001,20180917374907,1546,0x8,0x4,21.1200008,25.6638966,0.0288875382,0.186020508,1.85937279e-05,30,1.05499995,2
1546308400008030,67726443,2458431.7691711327,58431.264432900003,19.1561775,0.0668975487,0,zi,5.7218166999999998,13.6780408,0.727999985,-0.0170000009,20181109264421,1546,0x8,0x4,19.5900002,25.6381779,0.034230426,0.184096381,2.73881506e-05,30,1.10399997,2
1546308400008030,94743304,2458701.936333044,58701.433043999998,18.8698559,0.0545631982,0,zi,5.7217674000000001,13.677994999999999,0.486999989,-0.0140000004,20190806433044,1546,0x8,0x4,21.1800003,25.5368557,0.0209236164,0.188503101,1.0334089e-05,30,1.08200002,2
1546308400008030,96439355,2458718.8980644085,58718.393553200003,18.8024597,0.0520263836,0,zi,5.7217928000000002,13.677989699999999,0.601999998,0.0549999997,20190823393553,1546,0x8,0x4,20.9099998,25.5934601,0.0181627441,0.184481472,7.66357425e-06,30,1.07200003,2
1546308400008030,99338199,2458747.8877272396,58747.3819907,19.0110664,0.060321264,0,zi,5.7217786000000004,13.678020800000001,0.555999994,0.00899999961,20190921381991,1546,0x8,0x4,20.8899994,25.5550671,0.021149803,0.183393419,1.04665551e-05,30,1.07000005,2
1546308400008030,99736561,2458751.8714174246,58751.365613399998,18.840229,0.0534316748,0,zi,5.7217779000000002,13.6779843,0.386999995,-0.0179999992,20190925365613,1546,0x8,0x4,20.7700005,25.5222301,0.0189761054,0.186513737,8.22610582e-06,30,1.06400001,2
1546308400008030,100336939,2458757.8752540597,58757.369398100003,19.0423622,0.0616816469,0,zi,5.7217878999999998,13.678028299999999,0.338999987,0.00899999961,20191001369398,1546,0x8,0x4,20.8199997,25.5833626,0.0173879825,0.185732037,7.19787749e-06,30,1.09200001,2
1546308400008030,135434387,2459108.8495125491,59108.343877300002,19.1078758,0.0646319389,0,zi,5.7217513999999996,13.6779838,0.712000012,-0.0379999988,20200916343877,1546,0x8,0x4,20.9300003,25.480875,0.0191085432,0.190338567,8.69185988e-06,30,1.05499995,2
1546308400008030,136038091,2459114.8866836964,59114.380914399997,18.9177532,0.0564478002,0,zi,5.7218049999999998,13.678015,0.906000018,-0.0469999984,20200922380914,1546,0x8,0x4,20.7900009,25.6327534,0.0172020365,0.188820422,7.1956033e-06,30,1.074,2
1546308400008030,136530545,2459119.8112857975,59119.305451400003,18.8820038,0.0550346449,0,zi,5.7217623,13.6779916,0.953000009,0.00899999961,20200927305440,1546,0x8,0x4,20.8199997,25.7190037,0.02166529,0.184834123,1.10762894e-05,30,1.06200004,2
1546308400008030,136726837,2459121.7742287391,59121.268379599998,18.9883347,0.059352614,0,zi,5.7217707999999998,13.6779949,0.739000022,0.023,20200929268380,1546,0x8,0x4,20.6100006,25.6963348,0.0402669609,0.17405203,3.73332659e-05,30,1.11000001,2
1546308400008030,138929208,2459143.7976566218,59143.292083300003,18.9423065,0.0574408658,0,zi,5.7218134999999997,13.6780326,0.614000022,-0.0439999998,20201021292072,1546,0x8,0x4,20.8500004,25.698307,0.0233390424,0.182266176,1.26689438e-05,30,1.06299996,2
1546308400008030,139028704,2459144.7925904528,59144.287048600003,18.9882946,0.0593509041,0,zi,5.7217823000000001,13.6780387,0.268000007,-0.00100000005,20201022287049,1546,0x8,0x4,21.1800003,25.6902943,0.022528708,0.182492435,1.20864024e-05,30,1.05999994,2
1546308400008030,139227049,2459146.7759720744,59146.270497700003,18.9109707,0.0561767071,32768,zi,5.7218019,13.677987999999999,0.486000001,0.00600000005,20201024270498,1546,0x8,0x4,19.8999996,24.8579712,0.034916833,0.17435798,2.97464103e-05,30,1.05299997,2
1546308400008030,167645680,2459430.9599731714,59430.456805599999,17.6650715,0.025078088,0,zi,5.7217785000000001,13.6780173,1.40199995,-0.0399999991,20210804456794,1546,0x8,0x4,21.2299995,25.6720715,0.0169311855,0.184935316,6.73158183e-06,30,1.05799997,2
1546308400008030,168241326,2459436.9169037794,59436.413263900002,17.663681,0.0250589382,0,zi,5.7217981,13.678032699999999,1.05900002,-0.0289999992,20210810413229,1546,0x8,0x4,21.2999992,25.6136818,0.022385139,0.188042894,1.2292453e-05,30,1.09300005,2
1546308400008030,170047171,2459454.9765521823,59454.471712999999,18.9799652,0.0590000711,0,zi,5.7217744000000001,13.6780223,1.29999995,0.0649999976,20210828471690,1546,0x8,0x4,20.7299995,25.6889648,0.0205513034,0.184276119,9.92433706e-06,30,1.11199999,2
1546308400008030,170541446,2459459.9195637354,59459.4144676,19.068615,0.0628471524,0,zi,5.7217669999999998,13.678013399999999,0.971000016,0.0810000002,20210902414468,1546,0x8,0x4,21.2900009,25.7136154,0.0186060574,0.177819446,8.43897942e-06,30,1.05400002,2
1546308400008030,171139313,2459465.8984970478,59465.393136600003,18.9941292,0.0595979951,0,zi,5.7217858000000001,13.677996200000001,0.540000021,0.023,20210908393137,1546,0x8,0x4,21.0100002,25.68013,0.0200753845,0.179935396,9.76865522e-06,30,1.051,2
1546308400008030,171334758,2459467.8530162922,59467.347581000002,19.1426964,0.0662574023,0,zi,5.7217950999999996,13.6780141,0.649999976,-0.0520000011,20210910347569,1546,0x8,0x4,21.1399994,25.6636963,0.0202299673,0.178716421,9.67015512e-06,30,1.06599998,2
1546308400008030,172238931,2459476.8950213059,59476.389317100002,18.7080345,0.0486900732,0,zi,5.7218185999999998,13.678044999999999,0.575999975,0.0199999996,20210919389317,1546,0x8,0x4,20.3600006,25.7240334,0.0220809001,0.175831467,1.13510332e-05,30,1.07299995,2
1546308400008030,173530996,2459489.8158246623,59489.309965300003,18.9566383,0.0580290519,0,zi,5.7218162000000001,13.6780218,0.5,0.0289999992,20211002309954,1546,0x8,0x4,20.9699993,25.585638,0.0233990289,0.182629168,1.36410044e-05,30,1.051,2
1546308400008030,173732976,2459491.8356269957,59491.3297685,18.7989979,0.051899638,0,zi,5.7218089000000001,13.6780375,0.588,-0.063000001,20211004329768,1546,0x8,0x4,21.0699997,25.697998,0.0178055335,0.182773426,7.70506631e-06,30,1.05499995,2
1546308400008030,174923869,2459503.7444057325,59503.2386921,18.8349419,0.0532324724,0,zi,5.7217773999999997,13.6780241,1.21399999,-0.206,20211016238368,1546,0x8,0x4,20.4500008,25.7119427,0.0216581132,0.182996109,1.11510153e-05,30,1.08000004,2
1546308400008030,177117752,2459525.6823683376,59525.177523099999,19.1088829,0.0646784082,0,zi,5.7217979000000003,13.678021899999999,0.232999995,0.00899999961,20211107177488,1546,0x8,0x4,21,25.7538834,0.0211317465,0.18307583,1.06950902e-05,30,1.08099997,2
1546308400008030,177627006,2459530.7746099462,59530.270069400001,18.8412781,0.0534713045,0,zi,5.7217830999999997,13.678021899999999,0.865999997,-0.138999999,20211112270058,1546,0x8,0x4,20.7399998,25.7422791,0.0175904911,0.183987975,7.21512106e-06,30,1.12600005,2
1546308400008030,178822285,2459542.7265538215,59542.2228588,18.969717,0.0585713722,0,zi,5.7217918000000001,13.6780264,0.843999982,0.0489999987,20211124222859,1546,0x8,0x4,20.8500004,25.726717,0.0171548165,0.181471124,6.99576867e-06,30,1.09500003,2
1546308400008030,205543288,2459809.9370841836,59809.4328819,19.0650768,0.0626887828,0,zi,5.7218210000000003,13.6780252,0.671999991,-0.0529999994,20220818432882,1546,0x8,0x4,20.9899998,25.6760769,0.0245778896,0.182479054,1.51936711e-05,30,1.051,2
1546308400008030,205847395,2459812.9783625393,59812.473958299997,19.0193348,0.0606776513,0,zi,5.7217937000000001,13.6780329,0.902999997,-0.0689999983,20220821473947,1546,0x8,0x4,21.5100002,25.6893349,0.027607156,0.179014251,1.88031354e-05,30,1.08000004,2
1546308400008030,205943450,2459813.9389680456,59813.434502299999,19.15695,0.0669344068,0,zi,5.7218568999999997,13.6780366,0.870999992,-0.0579999983,20220822434502,1546,0x8,0x4,20.8899994,25.6889496,0.0215188842,0.173809797,1.14326658e-05,30,1.04999995,2
1546308400008030,206036480,2459814.8693274246,59814.364803199998,19.1019592,0.0643597469,0,zi,5.7218004000000002,13.678032200000001,0.538999975,-0.0149999997,20220823364803,1546,0x8,0x4,21,25.6799583,0.0170318726,0.183968648,6.92263393e-06,30,1.12300003,2
1546308400008030,206535063,2459819.8554555159,59819.3506366,18.8521347,0.053883262,0,zi,5.7217836999999996,13.678052299999999,0.763000011,-0.0839999989,20220828350637,1546,0x8,0x4,21.0100002,25.6941357,0.020648038,0.181974486,1.04454284e-05,30,1.12399995,2
1546308400008030,206738579,2459821.8907283661,59821.3857986,19.0730305,0.0630453676,0,zi,5.7218128999999998,13.6780572,0.574999988,-0.0610000007,20220830385475,1546,0x8,0x4,21.1000004,25.7160301,0.0179792326,0.179346129,7.54552957e-06,30,1.05900002,2
1546308400008030,208935012,2459843.8558681132,59843.3501273,19.0556602,0.0622692667,0,zi,5.7217890999999996,13.678005199999999,1.00699997,-0.0670000017,20220921350116,1546,0x8,0x4,21.2600002,25.7386608,0.0268737692,0.179788694,1.75924288e-05,30,1.04999995,2
1546308400008030,211826828,2459872.7739059231,59872.268286999999,18.4856091,0.0417644046,0,zi,5.7218059999999999,13.6780221,0.501999974,-0.00499999989,20221020268287,1546,0x8,0x4,20.9400005,25.7246094,0.0179841574,0.182141855,7.76745856e-06,30,1.04999995,2
1546308400008030,215320081,2459907.7045269315,59907.200810200004,17.828968,0.0275164358,0,zi,5.7218014999999998,13.678014599999999,1.30700004,0.0149999997,20221124200799,1546,0x8,0x4,20.1299992,25.7399673,0.0247626677,0.183342203,1.49663083e-05,30,1.06299996,2
